{
  "overall": {
    "MAE": 129794.9494028229,
    "RMSE": 343618.7847999896,
    "R2": 0.9081409595305909,
    "MAPE": 35681.4374068025,
    "Median_AE": 59210.9375,
    "Max_Error": 6804157.125,
    "n_samples": 1229
  },
  "price_ranges": {
    "Under_5L": {
      "count": 716,
      "MAE": 62064.83775376304,
      "R2": 0.477290800456562,
      "percentage": 58.25874694873882
    },
    "5L_to_10L": {
      "count": 362,
      "MAE": 111379.79415573204,
      "R2": -0.5259092667911114,
      "percentage": 29.454841334418226
    },
    "10L_to_20L": {
      "count": 89,
      "MAE": 264300.639747191,
      "R2": -0.34359124277920583,
      "percentage": 7.241659886086249
    },
    "Above_20L": {
      "count": 62,
      "MAE": 826408.4929435484,
      "R2": 0.796707221225142,
      "percentage": 5.044751830756713
    }
  },
  "error_percentiles": {
    "p25": 24565.46875,
    "p50": 59210.9375,
    "p75": 127136.3125,
    "p90": 262980.87500000006,
    "p95": 432342.1624999998
  },
  "evaluation_timestamp": "2025-08-17T12:26:43.873012"
}