{
  "val": {
    "Ridge": {
      "MAE": 329035.8480459095,
      "RMSE": 662507.4194294978,
      "R2": 0.5774242044408335
    },
    "RandomForest": {
      "MAE": 155785.95515339388,
      "RMSE": 381143.92701263033,
      "R2": 0.8601375493105476
    },
    "XGBRegressor": {
      "MAE": 150113.24224087075,
      "RMSE": 653229.2235329419,
      "R2": 0.5891773910821392
    },
    "LGBMRegressor": {
      "MAE": 166024.30424346068,
      "RMSE": 667103.5624247942,
      "R2": 0.571540630027259
    }
  },
  "test": {
    "MAE": 129794.9494028229,
    "RMSE": 343618.7847999896,
    "R2": 0.9081409595305909
  },
  "best_model": "XGBRegressor",
  "training_timestamp": "2025-08-17T12:26:30.784558",
  "device_used": "cuda",
  "n_train": 9825,
  "n_val": 1229,
  "n_test": 1229
}